[
  {
    "id": "114320059515488067442",
    "email": "procodrr@gmail.com",
    "name": "ProCodrr",
    "picture": "https://lh3.googleusercontent.com/a/ACg8ocJY8D_i2mlQ1ZWgXm1nW4z2BoIdnGvNjvaO5pv9fFsIqZKhfaJR=s96-c"
  },
  {
    "id": "101839609809684134391",
    "email": "anuragprocodrr@gmail.com",
    "name": "Anurag Singh",
    "picture": "https://lh3.googleusercontent.com/a/ACg8ocK7TpDQ6V5Kr3s40YwSXOC-3-zhVHj25hLqcrOV-eBb571iIA=s96-c"
  },
  {
    "id": "108106037895535360201",
    "email": "eng.procodrr@gmail.com",
    "name": "Anurag Singh",
    "picture": "https://lh3.googleusercontent.com/a/ACg8ocLwraZA6lZXpXQLZsF8CNSBffn-Id1vbNM7qeZ5hyzCWbYN3A=s96-c"
  },
  {
    "id": "106175300288554395381",
    "email": "anuragsinghbam@gmail.com",
    "name": "Anurag Singh",
    "picture": "https://lh3.googleusercontent.com/a/ACg8ocIPFMhOGmlQu2QuyhScz7_gaCLoAXGFqdAXxP79QUK-hcGvauQZ=s96-c"
  },
  {
    "id": "114320059515488067442",
    "email": "procodrr@gmail.com",
    "name": "ProCodrr",
    "picture": "https://lh3.googleusercontent.com/a/ACg8ocJY8D_i2mlQ1ZWgXm1nW4z2BoIdnGvNjvaO5pv9fFsIqZKhfaJR=s96-c"
  },
  {
    "id": "114320059515488067442",
    "email": "procodrr@gmail.com",
    "name": "ProCodrr",
    "picture": "https://lh3.googleusercontent.com/a/ACg8ocJY8D_i2mlQ1ZWgXm1nW4z2BoIdnGvNjvaO5pv9fFsIqZKhfaJR=s96-c"
  },
  {
    "id": "114320059515488067442",
    "email": "procodrr@gmail.com",
    "name": "ProCodrr",
    "picture": "https://lh3.googleusercontent.com/a/ACg8ocJY8D_i2mlQ1ZWgXm1nW4z2BoIdnGvNjvaO5pv9fFsIqZKhfaJR=s96-c"
  },
  {
    "id": "114320059515488067442",
    "email": "procodrr@gmail.com",
    "name": "ProCodrr",
    "picture": "https://lh3.googleusercontent.com/a/ACg8ocJY8D_i2mlQ1ZWgXm1nW4z2BoIdnGvNjvaO5pv9fFsIqZKhfaJR=s96-c"
  },
  {
    "id": "114320059515488067442",
    "email": "procodrr@gmail.com",
    "name": "ProCodrr",
    "picture": "https://lh3.googleusercontent.com/a/ACg8ocJY8D_i2mlQ1ZWgXm1nW4z2BoIdnGvNjvaO5pv9fFsIqZKhfaJR=s96-c"
  }
]